Request to get stats of user 5, Tue Jun 15 16:26:08 EEST 2021
Request to get library of current user, Tue Jun 15 16:26:10 EEST 2021
Request to delete shelf 22, Tue Jun 15 16:26:14 EEST 2021
Request to get shelf 9, Tue Jun 15 16:26:16 EEST 2021
Request to get book copy 14, Tue Jun 15 16:26:25 EEST 2021
Request to get book copy 14, Tue Jun 15 16:26:28 EEST 2021
Request to update book copy 14, Tue Jun 15 16:26:34 EEST 2021
Request to get book copy 14, Tue Jun 15 16:26:34 EEST 2021
Request to get library of current user, Tue Jun 15 18:39:06 EEST 2021
Request to get shelf 20, Tue Jun 15 18:39:08 EEST 2021
Request to get book copy 23, Tue Jun 15 18:39:08 EEST 2021
Request to get book copy 23, Tue Jun 15 18:39:10 EEST 2021
Request to get book copy 23, Tue Jun 15 18:39:18 EEST 2021
Request to get library of current user, Tue Jun 15 18:40:38 EEST 2021
Request to get shelf 1, Tue Jun 15 18:40:39 EEST 2021
Request to get book copy 1, Tue Jun 15 18:40:46 EEST 2021
Request to get book copy 1, Tue Jun 15 18:40:55 EEST 2021
Request to get all book copies, Tue Jun 15 18:41:00 EEST 2021
Request to get library of current user, Tue Jun 15 18:41:03 EEST 2021
Request to get all books, Tue Jun 15 18:41:06 EEST 2021
